
<?xml version="1.0" encoding="UTF-8" standalone="yes"?>
<addon id="repository.ryurd" name="RyuRD official Repo" version="1.0" provider-name="Ryu05">
	<extension point="xbmc.addon.repository" name="Ryu05 official Repo">
		<info compressed="false">https://raw.githubusercontent.com/ryu05/RyuRepo/master/addons.xml</info>
		<checksum>https://raw.githubusercontent.com/ryu05/RyuRepo/master/addons.xml.md5</checksum>
		<datadir zip="true">https://raw.githubusercontent.com/ryu05/RyuRepo/master</datadir>
	</extension>
	<extension point="xbmc.addon.metadata">
		<summary>RyuRepo official Repo</summary>
   		<description lang="en">Instala los Addons de RyuRepo.</description>
		<disclaimer></disclaimer>
		<platform>all</platform>
	</extension>
</addon>